okex_deposit_Address,okex_deposit_txid,mixer_deposit_address,mixer_deposit_txid
38UagPtVH7X7aADSNHnS6CPihqXizes8oA,0c6337dba03458169b98e131b5c6875f39d4e3703f142adca5c81f9c564ded1c,None,None
3KKVZB7niD7p84phX8HSgkJPhLSHzfg5wF,8c28be01f536553cd40997555899ba98272d011856f035dd1135386eb4730191,157P7eTPhtz3Nh5s2NdjHbtdz4gaxcVHJ2,ca32a1c164337ef6327792a91e31b684a730da24cc1d8e35f0e9f2a43d681ec0
3KKVZB7niD7p84phX8HSgkJPhLSHzfg5wF,,15PYHmL54EGVxpfvLh1XvPx9XdyqcUSpfn,6aaf3ee1192528da91e9ae98f1a3285eea21dee4aad0480c139c950619d1d065
3PgACpndH4EQEQj9nfLEAZFYGEgUdUi9Ft,22ad6bd079cad50c6ba686a4e72ace93d2ed30369fb9d2e84ee5cf564acb27ed,1Kv7FiPhmCsqgAJW4Nt6TMjEgoxaJM11ot,c0b0e1000fadb5751c6234ba359a55a3e2add694734831e9559fa23857f01b3c
3Hg8JEmcX2wxhzRmrHbEdJpZrMAS63DVxH,82da53e9529baefa207be66c9a0b6b04272a7a5895c0a44408c9b5947ff49226,12dzhaZag8BNpY4oaqHvfZVMXoNKJjSNL5,da9ded05755ca574d404a9138b9813f572183eba61e98850ee52fa9b7f1cb210
3Hg8JEmcX2wxhzRmrHbEdJpZrMAS63DVxH,c2e41863eb6104ddd9bf05ecabf246960bfd948b1b10e6011d3f825e3613bf90,1HoWSNoh1jcnz4sS795DnJWBNt3T4Ct8Co,f4ed700701b51134270c03676bf77f41b91f96d0e293588f1210db51e5d69def
39beWJgDf97srnDbr4fJ7q6hzAyJ61wzqS,c6f96aaeb51e1dc7bdad78ad0fa18804df30b835290e9b5c4e35310e919306c5,1K1nHKRrCp8g51mijmNYgbj29jA8HLXaBd,eb91ef7834ce77c7dd62cb137b307e594eac527badd9e0370906e34843e2582d
39beWJgDf97srnDbr4fJ7q6hzAyJ61wzqS,c6f96aaeb51e1dc7bdad78ad0fa18804df30b835290e9b5c4e35310e919306c5,12VjtV8aGn97xtznVV2zsmxf1Mi1GyDfqR,f66d7622a71d2ce5f5aecc6d21cc341fa255fad7957989379f3d1b3098fad31d
39beWJgDf97srnDbr4fJ7q6hzAyJ61wzqS,9d7236645bebb81c5f9c8086c21bc342adf386f7a194240a861bdf376c13f210,1Psn1uabmwDNMNSKf78VLksos4EtUkpCng,d08b6f465c70349b536227f68a887b41034edb4962cc250f5f15228b7d76d872
3Gjv7NrA7Qq9WdrJcfg1wjUi5eBixYPvGW,c1367837dc001e9b7b2af0d45e73f61fa29dd1f1a969718e5b1c49f18856cdb0,1B3t2UrJs8oZFhbYwNUT69v9vLX2LBvKmy,42a342e8f7f3c51b07fa08e38d25079a6fac456061337c11b093b5a38688449c
3Gjv7NrA7Qq9WdrJcfg1wjUi5eBixYPvGW,8c72c040395fd4636d8092d4f210f29590c122ac5b20e910f7277d1af1303a45,1N1Dm5R5jaUnwM7zzMjEwRMHEN45dKxKU2,094694e68d908beff5ed22fb0f9260e046954a440c73be00e602112d6797fd54
3CBJisGUcBVzZS7bfN5Y92CzQR71tn93RG,d9bb0d5352f1eebd2d252cc62b480a09a81ed8cffee9bacefd6e33aee4c8dec3,14Tu1Ke2UXrgeTe2UhXyadGmJTQBNNFUpw,ed27454e99e7e4b2c8b7fd9e77af27bdd96f599444ba96912d836ae9eb130b4e
3CBJisGUcBVzZS7bfN5Y92CzQR71tn93RG,c990cf8324857777c26abb07d07ffd5994614b728ee51f9fc3fcdb0b533b9489,19z9kcy5aEmyKRWxb6vN72syGw564bYfDY,9d2fb8f9100ee13435e0c2ec2567bd34ec18d1d2cea364068986ce6e960a369b
3CbzpJmsceSg6DHrcDd5g2fjdvEHKinytv,fed255af1044cc9a7a8dd3b602aea74827d94b1279f31707805b5c67514e9d57,1Es5ivvwqY8qYLiu3y61y2hk84A1VmfUYT,45d91aa180368db16a79db5d315bbb64fdb6feffee4fe27c5ff43bf2095370f5
3KoxL64fZ8T273t6oBKVLfQT3wr1m63hjE,4a7e722e3d1d81576e76b51c50351346ba85ad7de248c6233250db7f1292b3e1,None,None
37NKzjLi293iAj5JEpXyzMTSo9wzMyvhZp,40d1d620b989888b509e4cc642e6eb4291976fb4ad949fd6128814e923d95bc1,1N7PNJxrKEdkZq5XT9zxNy4Xm2dzdSKaC6,155cdb94b24b59cb344de6c2540e84200540bc3a74c7b3652957071dc8495d6e
37NKzjLi293iAj5JEpXyzMTSo9wzMyvhZp,5dd5e90ba417dfbb96613144e077b0a91a303a3941927f18d824fb580af6635c,1J1rNzu3LDRpQAdTLNJTnxi9wMq52gn1Fu,feae848274093329c8a56f103479f1a2d9619d4d7b3872f24fd436bf9c83fa26
3QKZuAmHMmx4YikFinUbxDYgvXTCATumcE,c5c8af27ab0b289b93df56addc590ccace028d9ee0258b388521c20081af3c9e,1P7mBM2gFuhyY9AmwF9Kh7HEEFtyNRMhhG,22f7d7c6937ea71ce1755efedd2bca33b0afe64211365b86181568512c2004d6
3QKZuAmHMmx4YikFinUbxDYgvXTCATumcE,493b1c816342b19d266586d2f5811482dc3c4c1acedf9c78b6df1cdc0804a876,1KAmPu8FEGNaxRWbT1Dhj2yKkiuNac3PNq,e68f40bb5de9d9f3fcb3c5723955a20d4e0f0b15b00c19e8e53823fa0be817b5
3DkUMsqS6hAd9TK9npkDRUdjae6CHutEkK,87030928bc8db68c116dddbc99a21bbb05974c20c8c6b362f608c6bfb08e06ce,1HZpVv7enqa7YcuZGifeUqQxn6JNWLzws5,f0e355067c15230608c9564ac202598e6c03ea14e475df92920e00daab717f56
3DkUMsqS6hAd9TK9npkDRUdjae6CHutEkK,ee1b0013547ec3ff631a9d42a272add1973ae482ecedee0bee3850d768eca90e,131xGUz8qTAQbV8DcgszcS1YVeXFBhUDBa,b8404d223ac81c3435e9c0b2dc1d3191c97976b4c568304c167f092a1a1a4c2f
3DkUMsqS6hAd9TK9npkDRUdjae6CHutEkK,1e919b995b64c860df989e48e96342621d1c61a1032004c519413deaa466c6b1,19uFXEYehP7iz45yg4DM7ED1CUvAG21kuk,ec4b78b1819bb930e3b160e3bcb0147d30dd7ff5452fec865e8c09ef9dcb3022
3DkUMsqS6hAd9TK9npkDRUdjae6CHutEkK,9eceb39293feb0ac4f77b337ba2f321ca5e4fd701291c92ef3c9fe1a4fe6ec81,1SomtMKw3GYxawsornHN535UzskNVZvod,2d9640f3efcc4e127b58add4a885d55cf35944edc2af1bb49ef8ce077f02dba2
3DkUMsqS6hAd9TK9npkDRUdjae6CHutEkK,35955148fe4313c915e24aef5cf52f6db093515652efd546e91da5813b698a7f,17tKuZi66WDjBevEjchkPCHAYHDet6V7Rc,633f543f3284b9f28495a6dceea41a85f4461aba1c0185190204a890560e1f5d
3DkUMsqS6hAd9TK9npkDRUdjae6CHutEkK,16796e8ca9250836f4ee94bca96b531744df720adf5170f1f6cc7af210dadbf7,1PLgv9Tnmq4WszKrfPhjgaoCk45wvKvVdn,ab7e81a681a418b6625e4c165169d1158fcc1f732885bef45c97d02f531729aa
3DkUMsqS6hAd9TK9npkDRUdjae6CHutEkK,d736cb3dfaebbda15cd790dba3fce30ce44e69595fc949a99a4e4554a3141359,1PejxG4pnpYmWbcYZDngcAyY5dKimXzUQ,c51d6122b3b674bc52f30b58587a8c4defdd31921f497fbcf6c33bafbbbf2bdb
3DkUMsqS6hAd9TK9npkDRUdjae6CHutEkK,8a65367bf1e4337d9bdf04ae1a83bae71ffc6b5d08941fc053f051a6521ee7bd,16LofTsZQghsEqaHhYBN8DJvS7XMibXkge,744de9687983697f2404632e52180d59ffd2f12d5f3c70dcdd895e32f0175da4
3DkUMsqS6hAd9TK9npkDRUdjae6CHutEkK,3702b8499d6f55997d683425df1c6664ec81aa1ad333b47c1b25a17103137b5a,1EWnXzy6oh9FpQHkfsrkFK9za3fcPG2PP4,a5bcc634f88dc0cd577dfd9aa724bf1ca7b406416d113c943fe653d28078b0f1
3DkUMsqS6hAd9TK9npkDRUdjae6CHutEkK,c50537e1b3dc844298e3028880065605f6632d9ca5cefb057dfe7f6ba25ff451,1DVGKrn7R7gmY4iFoisroiUfSo7Ne41CZ4,cd0f0ed99860d81fba7f210c9e8e56e3f6013ed6438f962903a2b3c103eedbe0
3DkUMsqS6hAd9TK9npkDRUdjae6CHutEkK,337281d9a66841d488982d016e17a54b0fe6d23a712901dfd11724b7546b7ea6,1FzsoYxmkrYC9dQT4LLi5G2X4Jnhcw9osJ,18f59d085ef17f4ad66ba4a9e279f966a9b71d74f7f327c6a300dc7b534aaade
3DkUMsqS6hAd9TK9npkDRUdjae6CHutEkK,f47ffa15d886fe6275439b503d12321026389bd6307eac8ad0118539ffc85842,1LMvpLnJTVr518r4NA7TFcFj8TqMK53VAu,64eec01ac8d43f9eb6d64ca92355928c08ed578c7f1caac5cbedd8ee5517b9b2
3DkUMsqS6hAd9TK9npkDRUdjae6CHutEkK,349e06ef3bf886c9b61c1e227dd4ffe052d10ce36ef37ee160697f65edeabc1d,1Nq1bnoQ5ciSECxgVnbTwx85phnsh1DDwW,1e499b91eed2d15cbd80ed0b30539cd4a96a20e4508badbdd20f3d3415ba4e63
3DkUMsqS6hAd9TK9npkDRUdjae6CHutEkK,5aca20ddd941b740a75040cc1abbf690a09f39bd4e393123cccee8c452204366,13cycxpTDqFMV1GoWJTLjCEoQtppHAyz8J,b75dbf57bea4fae5344af35fd4b36de7b161b15ce18ac0884f1999e23265b75d
3DkUMsqS6hAd9TK9npkDRUdjae6CHutEkK,3f9d769aeaf27d98666ba2df0fd632c86d658bd712a2f35bf8f2c78ea5ce3498,14nhsJvvbqmeQS5Jey6t2KRpCjwUXX8uL9,97837a6a5bea27d1243467957ee56166386de7992924df88fd0f4779167c3f3d
